"spot_id","x","y"
"pixel_14",-14,67
"pixel_15",-15,67
"pixel_16",-16,67
"pixel_17",-17,67
"pixel_18",-18,67
"pixel_19",-19,67
"pixel_20",-20,67
"pixel_21",-21,67
"pixel_22",-22,67
"pixel_23",-23,67
"pixel_24",-24,67
"pixel_25",-25,67
"pixel_26",-26,67
"pixel_27",-27,67
"pixel_28",-28,67
"pixel_87",-12,66
"pixel_88",-13,66
"pixel_89",-14,66
"pixel_90",-15,66
"pixel_91",-16,66
"pixel_92",-17,66
"pixel_93",-18,66
"pixel_94",-19,66
"pixel_95",-20,66
"pixel_96",-21,66
"pixel_97",-22,66
"pixel_98",-23,66
"pixel_99",-24,66
"pixel_100",-25,66
"pixel_101",-26,66
"pixel_102",-27,66
"pixel_103",-28,66
"pixel_104",-29,66
"pixel_105",-30,66
"pixel_159",-9,65
"pixel_160",-10,65
"pixel_161",-11,65
"pixel_162",-12,65
"pixel_163",-13,65
"pixel_164",-14,65
"pixel_165",-15,65
"pixel_166",-16,65
"pixel_167",-17,65
"pixel_168",-18,65
"pixel_169",-19,65
"pixel_170",-20,65
"pixel_171",-21,65
"pixel_172",-22,65
"pixel_173",-23,65
"pixel_174",-24,65
"pixel_175",-25,65
"pixel_176",-26,65
"pixel_177",-27,65
"pixel_178",-28,65
"pixel_179",-29,65
"pixel_180",-30,65
"pixel_181",-31,65
"pixel_232",-7,64
"pixel_233",-8,64
"pixel_234",-9,64
"pixel_235",-10,64
"pixel_236",-11,64
"pixel_237",-12,64
"pixel_238",-13,64
"pixel_239",-14,64
"pixel_240",-15,64
"pixel_241",-16,64
"pixel_242",-17,64
"pixel_243",-18,64
"pixel_244",-19,64
"pixel_245",-20,64
"pixel_246",-21,64
"pixel_247",-22,64
"pixel_248",-23,64
"pixel_249",-24,64
"pixel_250",-25,64
"pixel_251",-26,64
"pixel_252",-27,64
"pixel_253",-28,64
"pixel_254",-29,64
"pixel_255",-30,64
"pixel_256",-31,64
"pixel_257",-32,64
"pixel_306",-6,63
"pixel_307",-7,63
"pixel_308",-8,63
"pixel_309",-9,63
"pixel_310",-10,63
"pixel_311",-11,63
"pixel_312",-12,63
"pixel_313",-13,63
"pixel_314",-14,63
"pixel_315",-15,63
"pixel_316",-16,63
"pixel_317",-17,63
"pixel_318",-18,63
"pixel_319",-19,63
"pixel_320",-20,63
"pixel_321",-21,63
"pixel_322",-22,63
"pixel_323",-23,63
"pixel_324",-24,63
"pixel_325",-25,63
"pixel_326",-26,63
"pixel_327",-27,63
"pixel_328",-28,63
"pixel_329",-29,63
"pixel_330",-30,63
"pixel_331",-31,63
"pixel_332",-32,63
"pixel_333",-33,63
"pixel_379",-4,62
"pixel_380",-5,62
"pixel_381",-6,62
"pixel_382",-7,62
"pixel_383",-8,62
"pixel_384",-9,62
"pixel_385",-10,62
"pixel_386",-11,62
"pixel_387",-12,62
"pixel_388",-13,62
"pixel_389",-14,62
"pixel_390",-15,62
"pixel_391",-16,62
"pixel_392",-17,62
"pixel_393",-18,62
"pixel_394",-19,62
"pixel_395",-20,62
"pixel_396",-21,62
"pixel_397",-22,62
"pixel_398",-23,62
"pixel_399",-24,62
"pixel_400",-25,62
"pixel_401",-26,62
"pixel_402",-27,62
"pixel_403",-28,62
"pixel_404",-29,62
"pixel_405",-30,62
"pixel_406",-31,62
"pixel_407",-32,62
"pixel_408",-33,62
"pixel_409",-34,62
"pixel_453",-3,61
"pixel_454",-4,61
"pixel_455",-5,61
"pixel_456",-6,61
"pixel_457",-7,61
"pixel_458",-8,61
"pixel_459",-9,61
"pixel_460",-10,61
"pixel_461",-11,61
"pixel_462",-12,61
"pixel_463",-13,61
"pixel_464",-14,61
"pixel_465",-15,61
"pixel_466",-16,61
"pixel_467",-17,61
"pixel_468",-18,61
"pixel_469",-19,61
"pixel_470",-20,61
"pixel_471",-21,61
"pixel_472",-22,61
"pixel_473",-23,61
"pixel_474",-24,61
"pixel_475",-25,61
"pixel_476",-26,61
"pixel_477",-27,61
"pixel_478",-28,61
"pixel_479",-29,61
"pixel_480",-30,61
"pixel_481",-31,61
"pixel_482",-32,61
"pixel_483",-33,61
"pixel_484",-34,61
"pixel_485",-35,61
"pixel_527",-2,60
"pixel_528",-3,60
"pixel_529",-4,60
"pixel_530",-5,60
"pixel_531",-6,60
"pixel_532",-7,60
"pixel_533",-8,60
"pixel_534",-9,60
"pixel_535",-10,60
"pixel_536",-11,60
"pixel_537",-12,60
"pixel_538",-13,60
"pixel_539",-14,60
"pixel_540",-15,60
"pixel_541",-16,60
"pixel_542",-17,60
"pixel_543",-18,60
"pixel_544",-19,60
"pixel_545",-20,60
"pixel_546",-21,60
"pixel_547",-22,60
"pixel_548",-23,60
"pixel_549",-24,60
"pixel_550",-25,60
"pixel_551",-26,60
"pixel_552",-27,60
"pixel_553",-28,60
"pixel_554",-29,60
"pixel_555",-30,60
"pixel_556",-31,60
"pixel_557",-32,60
"pixel_558",-33,60
"pixel_559",-34,60
"pixel_560",-35,60
"pixel_561",-36,60
"pixel_562",-37,60
"pixel_601",-1,59
"pixel_602",-2,59
"pixel_603",-3,59
"pixel_604",-4,59
"pixel_605",-5,59
"pixel_606",-6,59
"pixel_607",-7,59
"pixel_608",-8,59
"pixel_609",-9,59
"pixel_610",-10,59
"pixel_611",-11,59
"pixel_612",-12,59
"pixel_613",-13,59
"pixel_614",-14,59
"pixel_615",-15,59
"pixel_616",-16,59
"pixel_617",-17,59
"pixel_618",-18,59
"pixel_619",-19,59
"pixel_620",-20,59
"pixel_621",-21,59
"pixel_622",-22,59
"pixel_623",-23,59
"pixel_624",-24,59
"pixel_625",-25,59
"pixel_626",-26,59
"pixel_627",-27,59
"pixel_628",-28,59
"pixel_629",-29,59
"pixel_630",-30,59
"pixel_631",-31,59
"pixel_632",-32,59
"pixel_633",-33,59
"pixel_634",-34,59
"pixel_635",-35,59
"pixel_636",-36,59
"pixel_637",-37,59
"pixel_638",-38,59
"pixel_676",-1,58
"pixel_677",-2,58
"pixel_678",-3,58
"pixel_679",-4,58
"pixel_680",-5,58
"pixel_681",-6,58
"pixel_682",-7,58
"pixel_683",-8,58
"pixel_684",-9,58
"pixel_685",-10,58
"pixel_686",-11,58
"pixel_687",-12,58
"pixel_688",-13,58
"pixel_689",-14,58
"pixel_690",-15,58
"pixel_691",-16,58
"pixel_692",-17,58
"pixel_693",-18,58
"pixel_694",-19,58
"pixel_695",-20,58
"pixel_696",-21,58
"pixel_697",-22,58
"pixel_698",-23,58
"pixel_699",-24,58
"pixel_700",-25,58
"pixel_701",-26,58
"pixel_702",-27,58
"pixel_703",-28,58
"pixel_704",-29,58
"pixel_705",-30,58
"pixel_706",-31,58
"pixel_707",-32,58
"pixel_708",-33,58
"pixel_709",-34,58
"pixel_710",-35,58
"pixel_711",-36,58
"pixel_712",-37,58
"pixel_713",-38,58
"pixel_714",-39,58
"pixel_751",-1,57
"pixel_752",-2,57
"pixel_753",-3,57
"pixel_754",-4,57
"pixel_755",-5,57
"pixel_756",-6,57
"pixel_757",-7,57
"pixel_758",-8,57
"pixel_759",-9,57
"pixel_760",-10,57
"pixel_761",-11,57
"pixel_762",-12,57
"pixel_763",-13,57
"pixel_764",-14,57
"pixel_765",-15,57
"pixel_766",-16,57
"pixel_767",-17,57
"pixel_768",-18,57
"pixel_769",-19,57
"pixel_770",-20,57
"pixel_771",-21,57
"pixel_772",-22,57
"pixel_773",-23,57
"pixel_774",-24,57
"pixel_775",-25,57
"pixel_776",-26,57
"pixel_777",-27,57
"pixel_778",-28,57
"pixel_779",-29,57
"pixel_780",-30,57
"pixel_781",-31,57
"pixel_782",-32,57
"pixel_783",-33,57
"pixel_784",-34,57
"pixel_785",-35,57
"pixel_786",-36,57
"pixel_787",-37,57
"pixel_788",-38,57
"pixel_789",-39,57
"pixel_790",-40,57
"pixel_825",0,56
"pixel_826",-1,56
"pixel_827",-2,56
"pixel_828",-3,56
"pixel_829",-4,56
"pixel_830",-5,56
"pixel_831",-6,56
"pixel_832",-7,56
"pixel_833",-8,56
"pixel_834",-9,56
"pixel_835",-10,56
"pixel_836",-11,56
"pixel_837",-12,56
"pixel_838",-13,56
"pixel_839",-14,56
"pixel_840",-15,56
"pixel_841",-16,56
"pixel_842",-17,56
"pixel_843",-18,56
"pixel_844",-19,56
"pixel_845",-20,56
"pixel_846",-21,56
"pixel_847",-22,56
"pixel_848",-23,56
"pixel_849",-24,56
"pixel_850",-25,56
"pixel_851",-26,56
"pixel_852",-27,56
"pixel_853",-28,56
"pixel_854",-29,56
"pixel_855",-30,56
"pixel_856",-31,56
"pixel_857",-32,56
"pixel_858",-33,56
"pixel_859",-34,56
"pixel_860",-35,56
"pixel_861",-36,56
"pixel_862",-37,56
"pixel_863",-38,56
"pixel_864",-39,56
"pixel_865",-40,56
"pixel_866",-41,56
"pixel_900",0,55
"pixel_901",-1,55
"pixel_902",-2,55
"pixel_903",-3,55
"pixel_904",-4,55
"pixel_905",-5,55
"pixel_906",-6,55
"pixel_907",-7,55
"pixel_908",-8,55
"pixel_909",-9,55
"pixel_910",-10,55
"pixel_911",-11,55
"pixel_912",-12,55
"pixel_913",-13,55
"pixel_914",-14,55
"pixel_915",-15,55
"pixel_916",-16,55
"pixel_917",-17,55
"pixel_918",-18,55
"pixel_919",-19,55
"pixel_920",-20,55
"pixel_921",-21,55
"pixel_922",-22,55
"pixel_923",-23,55
"pixel_924",-24,55
"pixel_925",-25,55
"pixel_926",-26,55
"pixel_927",-27,55
"pixel_928",-28,55
"pixel_929",-29,55
"pixel_930",-30,55
"pixel_931",-31,55
"pixel_932",-32,55
"pixel_933",-33,55
"pixel_934",-34,55
"pixel_935",-35,55
"pixel_936",-36,55
"pixel_937",-37,55
"pixel_938",-38,55
"pixel_939",-39,55
"pixel_940",-40,55
"pixel_941",-41,55
"pixel_942",-42,55
"pixel_975",0,54
"pixel_976",-1,54
"pixel_977",-2,54
"pixel_978",-3,54
"pixel_979",-4,54
"pixel_980",-5,54
"pixel_981",-6,54
"pixel_982",-7,54
"pixel_983",-8,54
"pixel_984",-9,54
"pixel_985",-10,54
"pixel_986",-11,54
"pixel_987",-12,54
"pixel_988",-13,54
"pixel_989",-14,54
"pixel_990",-15,54
"pixel_991",-16,54
"pixel_992",-17,54
"pixel_993",-18,54
"pixel_994",-19,54
"pixel_995",-20,54
"pixel_996",-21,54
"pixel_997",-22,54
"pixel_998",-23,54
"pixel_999",-24,54
"pixel_1000",-25,54
"pixel_1001",-26,54
"pixel_1002",-27,54
"pixel_1003",-28,54
"pixel_1004",-29,54
"pixel_1005",-30,54
"pixel_1006",-31,54
"pixel_1007",-32,54
"pixel_1008",-33,54
"pixel_1009",-34,54
"pixel_1010",-35,54
"pixel_1011",-36,54
"pixel_1012",-37,54
"pixel_1013",-38,54
"pixel_1014",-39,54
"pixel_1015",-40,54
"pixel_1016",-41,54
"pixel_1017",-42,54
"pixel_1018",-43,54
"pixel_1050",0,53
"pixel_1051",-1,53
"pixel_1052",-2,53
"pixel_1053",-3,53
"pixel_1054",-4,53
"pixel_1055",-5,53
"pixel_1056",-6,53
"pixel_1057",-7,53
"pixel_1058",-8,53
"pixel_1059",-9,53
"pixel_1060",-10,53
"pixel_1061",-11,53
"pixel_1062",-12,53
"pixel_1063",-13,53
"pixel_1064",-14,53
"pixel_1065",-15,53
"pixel_1066",-16,53
"pixel_1067",-17,53
"pixel_1068",-18,53
"pixel_1069",-19,53
"pixel_1070",-20,53
"pixel_1071",-21,53
"pixel_1072",-22,53
"pixel_1073",-23,53
"pixel_1074",-24,53
"pixel_1075",-25,53
"pixel_1076",-26,53
"pixel_1077",-27,53
"pixel_1078",-28,53
"pixel_1079",-29,53
"pixel_1080",-30,53
"pixel_1081",-31,53
"pixel_1082",-32,53
"pixel_1083",-33,53
"pixel_1084",-34,53
"pixel_1085",-35,53
"pixel_1086",-36,53
"pixel_1087",-37,53
"pixel_1088",-38,53
"pixel_1089",-39,53
"pixel_1090",-40,53
"pixel_1091",-41,53
"pixel_1092",-42,53
"pixel_1093",-43,53
"pixel_1094",-44,53
"pixel_1095",-45,53
"pixel_1125",0,52
"pixel_1126",-1,52
"pixel_1127",-2,52
"pixel_1128",-3,52
"pixel_1129",-4,52
"pixel_1130",-5,52
"pixel_1131",-6,52
"pixel_1132",-7,52
"pixel_1133",-8,52
"pixel_1134",-9,52
"pixel_1135",-10,52
"pixel_1136",-11,52
"pixel_1137",-12,52
"pixel_1138",-13,52
"pixel_1139",-14,52
"pixel_1140",-15,52
"pixel_1141",-16,52
"pixel_1142",-17,52
"pixel_1143",-18,52
"pixel_1144",-19,52
"pixel_1145",-20,52
"pixel_1146",-21,52
"pixel_1147",-22,52
"pixel_1148",-23,52
"pixel_1149",-24,52
"pixel_1150",-25,52
"pixel_1151",-26,52
"pixel_1152",-27,52
"pixel_1153",-28,52
"pixel_1154",-29,52
"pixel_1155",-30,52
"pixel_1156",-31,52
"pixel_1157",-32,52
"pixel_1158",-33,52
"pixel_1159",-34,52
"pixel_1160",-35,52
"pixel_1161",-36,52
"pixel_1162",-37,52
"pixel_1163",-38,52
"pixel_1164",-39,52
"pixel_1165",-40,52
"pixel_1166",-41,52
"pixel_1167",-42,52
"pixel_1168",-43,52
"pixel_1169",-44,52
"pixel_1170",-45,52
"pixel_1171",-46,52
"pixel_1200",0,51
"pixel_1201",-1,51
"pixel_1202",-2,51
"pixel_1203",-3,51
"pixel_1204",-4,51
"pixel_1205",-5,51
"pixel_1206",-6,51
"pixel_1207",-7,51
"pixel_1208",-8,51
"pixel_1209",-9,51
"pixel_1210",-10,51
"pixel_1211",-11,51
"pixel_1212",-12,51
"pixel_1213",-13,51
"pixel_1214",-14,51
"pixel_1215",-15,51
"pixel_1216",-16,51
"pixel_1217",-17,51
"pixel_1218",-18,51
"pixel_1219",-19,51
"pixel_1220",-20,51
"pixel_1221",-21,51
"pixel_1222",-22,51
"pixel_1223",-23,51
"pixel_1224",-24,51
"pixel_1225",-25,51
"pixel_1226",-26,51
"pixel_1227",-27,51
"pixel_1228",-28,51
"pixel_1229",-29,51
"pixel_1230",-30,51
"pixel_1231",-31,51
"pixel_1232",-32,51
"pixel_1233",-33,51
"pixel_1234",-34,51
"pixel_1235",-35,51
"pixel_1236",-36,51
"pixel_1237",-37,51
"pixel_1238",-38,51
"pixel_1239",-39,51
"pixel_1240",-40,51
"pixel_1241",-41,51
"pixel_1242",-42,51
"pixel_1243",-43,51
"pixel_1244",-44,51
"pixel_1245",-45,51
"pixel_1246",-46,51
"pixel_1247",-47,51
"pixel_1275",0,50
"pixel_1276",-1,50
"pixel_1277",-2,50
"pixel_1278",-3,50
"pixel_1279",-4,50
"pixel_1280",-5,50
"pixel_1281",-6,50
"pixel_1282",-7,50
"pixel_1283",-8,50
"pixel_1284",-9,50
"pixel_1285",-10,50
"pixel_1286",-11,50
"pixel_1287",-12,50
"pixel_1288",-13,50
"pixel_1289",-14,50
"pixel_1290",-15,50
"pixel_1291",-16,50
"pixel_1292",-17,50
"pixel_1293",-18,50
"pixel_1294",-19,50
"pixel_1295",-20,50
"pixel_1296",-21,50
"pixel_1297",-22,50
"pixel_1298",-23,50
"pixel_1299",-24,50
"pixel_1300",-25,50
"pixel_1301",-26,50
"pixel_1302",-27,50
"pixel_1303",-28,50
"pixel_1304",-29,50
"pixel_1305",-30,50
"pixel_1306",-31,50
"pixel_1307",-32,50
"pixel_1308",-33,50
"pixel_1309",-34,50
"pixel_1310",-35,50
"pixel_1311",-36,50
"pixel_1312",-37,50
"pixel_1313",-38,50
"pixel_1314",-39,50
"pixel_1315",-40,50
"pixel_1316",-41,50
"pixel_1317",-42,50
"pixel_1318",-43,50
"pixel_1319",-44,50
"pixel_1320",-45,50
"pixel_1321",-46,50
"pixel_1322",-47,50
"pixel_1323",-48,50
"pixel_1350",0,49
"pixel_1351",-1,49
"pixel_1352",-2,49
"pixel_1353",-3,49
"pixel_1354",-4,49
"pixel_1355",-5,49
"pixel_1356",-6,49
"pixel_1357",-7,49
"pixel_1358",-8,49
"pixel_1359",-9,49
"pixel_1360",-10,49
"pixel_1361",-11,49
"pixel_1362",-12,49
"pixel_1363",-13,49
"pixel_1364",-14,49
"pixel_1365",-15,49
"pixel_1366",-16,49
"pixel_1367",-17,49
"pixel_1368",-18,49
"pixel_1369",-19,49
"pixel_1370",-20,49
"pixel_1371",-21,49
"pixel_1372",-22,49
"pixel_1373",-23,49
"pixel_1374",-24,49
"pixel_1375",-25,49
"pixel_1376",-26,49
"pixel_1377",-27,49
"pixel_1378",-28,49
"pixel_1379",-29,49
"pixel_1380",-30,49
"pixel_1381",-31,49
"pixel_1382",-32,49
"pixel_1383",-33,49
"pixel_1384",-34,49
"pixel_1385",-35,49
"pixel_1386",-36,49
"pixel_1387",-37,49
"pixel_1388",-38,49
"pixel_1389",-39,49
"pixel_1390",-40,49
"pixel_1391",-41,49
"pixel_1392",-42,49
"pixel_1393",-43,49
"pixel_1394",-44,49
"pixel_1395",-45,49
"pixel_1396",-46,49
"pixel_1397",-47,49
"pixel_1398",-48,49
"pixel_1399",-49,49
"pixel_1425",0,48
"pixel_1426",-1,48
"pixel_1427",-2,48
"pixel_1428",-3,48
"pixel_1429",-4,48
"pixel_1430",-5,48
"pixel_1431",-6,48
"pixel_1432",-7,48
"pixel_1433",-8,48
"pixel_1434",-9,48
"pixel_1435",-10,48
"pixel_1436",-11,48
"pixel_1437",-12,48
"pixel_1438",-13,48
"pixel_1439",-14,48
"pixel_1440",-15,48
"pixel_1441",-16,48
"pixel_1442",-17,48
"pixel_1443",-18,48
"pixel_1444",-19,48
"pixel_1445",-20,48
"pixel_1446",-21,48
"pixel_1447",-22,48
"pixel_1448",-23,48
"pixel_1449",-24,48
"pixel_1450",-25,48
"pixel_1451",-26,48
"pixel_1452",-27,48
"pixel_1453",-28,48
"pixel_1454",-29,48
"pixel_1455",-30,48
"pixel_1456",-31,48
"pixel_1457",-32,48
"pixel_1458",-33,48
"pixel_1459",-34,48
"pixel_1460",-35,48
"pixel_1461",-36,48
"pixel_1462",-37,48
"pixel_1463",-38,48
"pixel_1464",-39,48
"pixel_1465",-40,48
"pixel_1466",-41,48
"pixel_1467",-42,48
"pixel_1468",-43,48
"pixel_1469",-44,48
"pixel_1470",-45,48
"pixel_1471",-46,48
"pixel_1472",-47,48
"pixel_1473",-48,48
"pixel_1474",-49,48
"pixel_1475",-50,48
"pixel_1500",0,47
"pixel_1501",-1,47
"pixel_1502",-2,47
"pixel_1503",-3,47
"pixel_1504",-4,47
"pixel_1505",-5,47
"pixel_1506",-6,47
"pixel_1507",-7,47
"pixel_1508",-8,47
"pixel_1509",-9,47
"pixel_1510",-10,47
"pixel_1511",-11,47
"pixel_1512",-12,47
"pixel_1513",-13,47
"pixel_1514",-14,47
"pixel_1515",-15,47
"pixel_1516",-16,47
"pixel_1517",-17,47
"pixel_1518",-18,47
"pixel_1519",-19,47
"pixel_1520",-20,47
"pixel_1521",-21,47
"pixel_1522",-22,47
"pixel_1523",-23,47
"pixel_1524",-24,47
"pixel_1525",-25,47
"pixel_1526",-26,47
"pixel_1527",-27,47
"pixel_1528",-28,47
"pixel_1529",-29,47
"pixel_1530",-30,47
"pixel_1531",-31,47
"pixel_1532",-32,47
"pixel_1533",-33,47
"pixel_1534",-34,47
"pixel_1535",-35,47
"pixel_1536",-36,47
"pixel_1537",-37,47
"pixel_1538",-38,47
"pixel_1539",-39,47
"pixel_1540",-40,47
"pixel_1541",-41,47
"pixel_1542",-42,47
"pixel_1543",-43,47
"pixel_1544",-44,47
"pixel_1545",-45,47
"pixel_1546",-46,47
"pixel_1547",-47,47
"pixel_1548",-48,47
"pixel_1549",-49,47
"pixel_1550",-50,47
"pixel_1551",-51,47
"pixel_1575",0,46
"pixel_1576",-1,46
"pixel_1577",-2,46
"pixel_1578",-3,46
"pixel_1579",-4,46
"pixel_1580",-5,46
"pixel_1581",-6,46
"pixel_1582",-7,46
"pixel_1583",-8,46
"pixel_1584",-9,46
"pixel_1585",-10,46
"pixel_1586",-11,46
"pixel_1587",-12,46
"pixel_1588",-13,46
"pixel_1589",-14,46
"pixel_1590",-15,46
"pixel_1591",-16,46
"pixel_1592",-17,46
"pixel_1593",-18,46
"pixel_1594",-19,46
"pixel_1595",-20,46
"pixel_1596",-21,46
"pixel_1597",-22,46
"pixel_1598",-23,46
"pixel_1599",-24,46
"pixel_1600",-25,46
"pixel_1601",-26,46
"pixel_1602",-27,46
"pixel_1603",-28,46
"pixel_1604",-29,46
"pixel_1605",-30,46
"pixel_1606",-31,46
"pixel_1607",-32,46
"pixel_1608",-33,46
"pixel_1609",-34,46
"pixel_1610",-35,46
"pixel_1611",-36,46
"pixel_1612",-37,46
"pixel_1613",-38,46
"pixel_1614",-39,46
"pixel_1615",-40,46
"pixel_1616",-41,46
"pixel_1617",-42,46
"pixel_1618",-43,46
"pixel_1619",-44,46
"pixel_1620",-45,46
"pixel_1621",-46,46
"pixel_1622",-47,46
"pixel_1623",-48,46
"pixel_1624",-49,46
"pixel_1625",-50,46
"pixel_1626",-51,46
"pixel_1627",-52,46
"pixel_1628",-53,46
"pixel_1650",0,45
"pixel_1651",-1,45
"pixel_1652",-2,45
"pixel_1653",-3,45
"pixel_1654",-4,45
"pixel_1655",-5,45
"pixel_1656",-6,45
"pixel_1657",-7,45
"pixel_1658",-8,45
"pixel_1659",-9,45
"pixel_1660",-10,45
"pixel_1661",-11,45
"pixel_1662",-12,45
"pixel_1663",-13,45
"pixel_1664",-14,45
"pixel_1665",-15,45
"pixel_1666",-16,45
"pixel_1667",-17,45
"pixel_1668",-18,45
"pixel_1669",-19,45
"pixel_1670",-20,45
"pixel_1671",-21,45
"pixel_1672",-22,45
"pixel_1673",-23,45
"pixel_1674",-24,45
"pixel_1675",-25,45
"pixel_1676",-26,45
"pixel_1677",-27,45
"pixel_1678",-28,45
"pixel_1679",-29,45
"pixel_1680",-30,45
"pixel_1681",-31,45
"pixel_1682",-32,45
"pixel_1683",-33,45
"pixel_1684",-34,45
"pixel_1685",-35,45
"pixel_1686",-36,45
"pixel_1687",-37,45
"pixel_1688",-38,45
"pixel_1689",-39,45
"pixel_1690",-40,45
"pixel_1691",-41,45
"pixel_1692",-42,45
"pixel_1693",-43,45
"pixel_1694",-44,45
"pixel_1695",-45,45
"pixel_1696",-46,45
"pixel_1697",-47,45
"pixel_1698",-48,45
"pixel_1699",-49,45
"pixel_1700",-50,45
"pixel_1701",-51,45
"pixel_1702",-52,45
"pixel_1703",-53,45
"pixel_1704",-54,45
"pixel_1725",0,44
"pixel_1726",-1,44
"pixel_1727",-2,44
"pixel_1728",-3,44
"pixel_1729",-4,44
"pixel_1730",-5,44
"pixel_1731",-6,44
"pixel_1732",-7,44
"pixel_1733",-8,44
"pixel_1734",-9,44
"pixel_1735",-10,44
"pixel_1736",-11,44
"pixel_1737",-12,44
"pixel_1738",-13,44
"pixel_1739",-14,44
"pixel_1740",-15,44
"pixel_1741",-16,44
"pixel_1742",-17,44
"pixel_1743",-18,44
"pixel_1744",-19,44
"pixel_1745",-20,44
"pixel_1746",-21,44
"pixel_1747",-22,44
"pixel_1748",-23,44
"pixel_1749",-24,44
"pixel_1750",-25,44
"pixel_1751",-26,44
"pixel_1752",-27,44
"pixel_1753",-28,44
"pixel_1754",-29,44
"pixel_1755",-30,44
"pixel_1756",-31,44
"pixel_1757",-32,44
"pixel_1758",-33,44
"pixel_1759",-34,44
"pixel_1760",-35,44
"pixel_1761",-36,44
"pixel_1762",-37,44
"pixel_1763",-38,44
"pixel_1764",-39,44
"pixel_1765",-40,44
"pixel_1766",-41,44
"pixel_1767",-42,44
"pixel_1768",-43,44
"pixel_1769",-44,44
"pixel_1770",-45,44
"pixel_1771",-46,44
"pixel_1772",-47,44
"pixel_1773",-48,44
"pixel_1774",-49,44
"pixel_1775",-50,44
"pixel_1776",-51,44
"pixel_1777",-52,44
"pixel_1778",-53,44
"pixel_1779",-54,44
"pixel_1780",-55,44
"pixel_1800",0,43
"pixel_1801",-1,43
"pixel_1802",-2,43
"pixel_1803",-3,43
"pixel_1804",-4,43
"pixel_1805",-5,43
"pixel_1806",-6,43
"pixel_1807",-7,43
"pixel_1808",-8,43
"pixel_1809",-9,43
"pixel_1810",-10,43
"pixel_1811",-11,43
"pixel_1812",-12,43
"pixel_1813",-13,43
"pixel_1814",-14,43
"pixel_1815",-15,43
"pixel_1816",-16,43
"pixel_1817",-17,43
"pixel_1818",-18,43
"pixel_1819",-19,43
"pixel_1820",-20,43
"pixel_1821",-21,43
"pixel_1822",-22,43
"pixel_1823",-23,43
"pixel_1824",-24,43
"pixel_1825",-25,43
"pixel_1826",-26,43
"pixel_1827",-27,43
"pixel_1828",-28,43
"pixel_1829",-29,43
"pixel_1830",-30,43
"pixel_1831",-31,43
"pixel_1832",-32,43
"pixel_1833",-33,43
"pixel_1834",-34,43
"pixel_1835",-35,43
"pixel_1836",-36,43
"pixel_1837",-37,43
"pixel_1838",-38,43
"pixel_1839",-39,43
"pixel_1840",-40,43
"pixel_1841",-41,43
"pixel_1842",-42,43
"pixel_1843",-43,43
"pixel_1844",-44,43
"pixel_1845",-45,43
"pixel_1846",-46,43
"pixel_1847",-47,43
"pixel_1848",-48,43
"pixel_1849",-49,43
"pixel_1850",-50,43
"pixel_1851",-51,43
"pixel_1852",-52,43
"pixel_1853",-53,43
"pixel_1854",-54,43
"pixel_1855",-55,43
"pixel_1856",-56,43
"pixel_1875",0,42
"pixel_1876",-1,42
"pixel_1877",-2,42
"pixel_1878",-3,42
"pixel_1879",-4,42
"pixel_1880",-5,42
"pixel_1881",-6,42
"pixel_1882",-7,42
"pixel_1883",-8,42
"pixel_1884",-9,42
"pixel_1885",-10,42
"pixel_1886",-11,42
"pixel_1887",-12,42
"pixel_1888",-13,42
"pixel_1889",-14,42
"pixel_1890",-15,42
"pixel_1891",-16,42
"pixel_1892",-17,42
"pixel_1893",-18,42
"pixel_1894",-19,42
"pixel_1895",-20,42
"pixel_1896",-21,42
"pixel_1897",-22,42
"pixel_1898",-23,42
"pixel_1899",-24,42
"pixel_1900",-25,42
"pixel_1901",-26,42
"pixel_1902",-27,42
"pixel_1903",-28,42
"pixel_1904",-29,42
"pixel_1905",-30,42
"pixel_1906",-31,42
"pixel_1907",-32,42
"pixel_1908",-33,42
"pixel_1909",-34,42
"pixel_1910",-35,42
"pixel_1911",-36,42
"pixel_1912",-37,42
"pixel_1913",-38,42
"pixel_1914",-39,42
"pixel_1915",-40,42
"pixel_1916",-41,42
"pixel_1917",-42,42
"pixel_1918",-43,42
"pixel_1919",-44,42
"pixel_1920",-45,42
"pixel_1921",-46,42
"pixel_1922",-47,42
"pixel_1923",-48,42
"pixel_1924",-49,42
"pixel_1925",-50,42
"pixel_1926",-51,42
"pixel_1927",-52,42
"pixel_1928",-53,42
"pixel_1929",-54,42
"pixel_1930",-55,42
"pixel_1931",-56,42
"pixel_1932",-57,42
"pixel_1951",-1,41
"pixel_1952",-2,41
"pixel_1953",-3,41
"pixel_1954",-4,41
"pixel_1955",-5,41
"pixel_1956",-6,41
"pixel_1957",-7,41
"pixel_1958",-8,41
"pixel_1959",-9,41
"pixel_1960",-10,41
"pixel_1961",-11,41
"pixel_1962",-12,41
"pixel_1963",-13,41
"pixel_1964",-14,41
"pixel_1965",-15,41
"pixel_1966",-16,41
"pixel_1967",-17,41
"pixel_1968",-18,41
"pixel_1969",-19,41
"pixel_1970",-20,41
"pixel_1971",-21,41
"pixel_1972",-22,41
"pixel_1973",-23,41
"pixel_1974",-24,41
"pixel_1975",-25,41
"pixel_1976",-26,41
"pixel_1977",-27,41
"pixel_1978",-28,41
"pixel_1979",-29,41
"pixel_1980",-30,41
"pixel_1981",-31,41
"pixel_1982",-32,41
"pixel_1983",-33,41
"pixel_1984",-34,41
"pixel_1985",-35,41
"pixel_1986",-36,41
"pixel_1987",-37,41
"pixel_1988",-38,41
"pixel_1989",-39,41
"pixel_1990",-40,41
"pixel_1991",-41,41
"pixel_1992",-42,41
"pixel_1993",-43,41
"pixel_1994",-44,41
"pixel_1995",-45,41
"pixel_1996",-46,41
"pixel_1997",-47,41
"pixel_1998",-48,41
"pixel_1999",-49,41
"pixel_2000",-50,41
"pixel_2001",-51,41
"pixel_2002",-52,41
"pixel_2003",-53,41
"pixel_2004",-54,41
"pixel_2005",-55,41
"pixel_2006",-56,41
"pixel_2007",-57,41
"pixel_2008",-58,41
"pixel_2026",-1,40
"pixel_2027",-2,40
"pixel_2028",-3,40
"pixel_2029",-4,40
"pixel_2030",-5,40
"pixel_2031",-6,40
"pixel_2032",-7,40
"pixel_2033",-8,40
"pixel_2034",-9,40
"pixel_2035",-10,40
"pixel_2036",-11,40
"pixel_2037",-12,40
"pixel_2038",-13,40
"pixel_2039",-14,40
"pixel_2040",-15,40
"pixel_2041",-16,40
"pixel_2042",-17,40
"pixel_2043",-18,40
"pixel_2044",-19,40
"pixel_2045",-20,40
"pixel_2046",-21,40
"pixel_2047",-22,40
"pixel_2048",-23,40
"pixel_2049",-24,40
"pixel_2050",-25,40
"pixel_2051",-26,40
"pixel_2052",-27,40
"pixel_2053",-28,40
"pixel_2054",-29,40
"pixel_2055",-30,40
"pixel_2056",-31,40
"pixel_2057",-32,40
"pixel_2058",-33,40
"pixel_2059",-34,40
"pixel_2060",-35,40
"pixel_2061",-36,40
"pixel_2062",-37,40
"pixel_2063",-38,40
"pixel_2064",-39,40
"pixel_2065",-40,40
"pixel_2066",-41,40
"pixel_2067",-42,40
"pixel_2068",-43,40
"pixel_2069",-44,40
"pixel_2070",-45,40
"pixel_2071",-46,40
"pixel_2072",-47,40
"pixel_2073",-48,40
"pixel_2074",-49,40
"pixel_2075",-50,40
"pixel_2076",-51,40
"pixel_2077",-52,40
"pixel_2078",-53,40
"pixel_2079",-54,40
"pixel_2080",-55,40
"pixel_2081",-56,40
"pixel_2082",-57,40
"pixel_2083",-58,40
"pixel_2084",-59,40
"pixel_2102",-2,39
"pixel_2103",-3,39
"pixel_2104",-4,39
"pixel_2105",-5,39
"pixel_2106",-6,39
"pixel_2107",-7,39
"pixel_2108",-8,39
"pixel_2109",-9,39
"pixel_2110",-10,39
"pixel_2111",-11,39
"pixel_2112",-12,39
"pixel_2113",-13,39
"pixel_2114",-14,39
"pixel_2115",-15,39
"pixel_2116",-16,39
"pixel_2117",-17,39
"pixel_2118",-18,39
"pixel_2119",-19,39
"pixel_2120",-20,39
"pixel_2121",-21,39
"pixel_2122",-22,39
"pixel_2123",-23,39
"pixel_2124",-24,39
"pixel_2125",-25,39
"pixel_2126",-26,39
"pixel_2127",-27,39
"pixel_2128",-28,39
"pixel_2129",-29,39
"pixel_2130",-30,39
"pixel_2131",-31,39
"pixel_2132",-32,39
"pixel_2133",-33,39
"pixel_2134",-34,39
"pixel_2135",-35,39
"pixel_2136",-36,39
"pixel_2137",-37,39
"pixel_2138",-38,39
"pixel_2139",-39,39
"pixel_2140",-40,39
"pixel_2141",-41,39
"pixel_2142",-42,39
"pixel_2143",-43,39
"pixel_2144",-44,39
"pixel_2145",-45,39
"pixel_2146",-46,39
"pixel_2147",-47,39
"pixel_2148",-48,39
"pixel_2149",-49,39
"pixel_2150",-50,39
"pixel_2151",-51,39
"pixel_2152",-52,39
"pixel_2153",-53,39
"pixel_2154",-54,39
"pixel_2155",-55,39
"pixel_2156",-56,39
"pixel_2157",-57,39
"pixel_2158",-58,39
"pixel_2159",-59,39
"pixel_2160",-60,39
"pixel_2177",-2,38
"pixel_2178",-3,38
"pixel_2179",-4,38
"pixel_2180",-5,38
"pixel_2181",-6,38
"pixel_2182",-7,38
"pixel_2183",-8,38
"pixel_2184",-9,38
"pixel_2185",-10,38
"pixel_2186",-11,38
"pixel_2187",-12,38
"pixel_2188",-13,38
"pixel_2189",-14,38
"pixel_2190",-15,38
"pixel_2191",-16,38
"pixel_2192",-17,38
"pixel_2193",-18,38
"pixel_2194",-19,38
"pixel_2195",-20,38
"pixel_2196",-21,38
"pixel_2197",-22,38
"pixel_2198",-23,38
"pixel_2199",-24,38
"pixel_2200",-25,38
"pixel_2201",-26,38
"pixel_2202",-27,38
"pixel_2203",-28,38
"pixel_2204",-29,38
"pixel_2205",-30,38
"pixel_2206",-31,38
"pixel_2207",-32,38
"pixel_2208",-33,38
"pixel_2209",-34,38
"pixel_2210",-35,38
"pixel_2211",-36,38
"pixel_2212",-37,38
"pixel_2213",-38,38
"pixel_2214",-39,38
"pixel_2215",-40,38
"pixel_2216",-41,38
"pixel_2217",-42,38
"pixel_2218",-43,38
"pixel_2219",-44,38
"pixel_2220",-45,38
"pixel_2221",-46,38
"pixel_2222",-47,38
"pixel_2223",-48,38
"pixel_2224",-49,38
"pixel_2225",-50,38
"pixel_2226",-51,38
"pixel_2227",-52,38
"pixel_2228",-53,38
"pixel_2229",-54,38
"pixel_2230",-55,38
"pixel_2231",-56,38
"pixel_2232",-57,38
"pixel_2233",-58,38
"pixel_2234",-59,38
"pixel_2235",-60,38
"pixel_2236",-61,38
"pixel_2253",-3,37
"pixel_2254",-4,37
"pixel_2255",-5,37
"pixel_2256",-6,37
"pixel_2257",-7,37
"pixel_2258",-8,37
"pixel_2259",-9,37
"pixel_2260",-10,37
"pixel_2261",-11,37
"pixel_2262",-12,37
"pixel_2263",-13,37
"pixel_2264",-14,37
"pixel_2265",-15,37
"pixel_2266",-16,37
"pixel_2267",-17,37
"pixel_2268",-18,37
"pixel_2269",-19,37
"pixel_2270",-20,37
"pixel_2271",-21,37
"pixel_2272",-22,37
"pixel_2273",-23,37
"pixel_2274",-24,37
"pixel_2275",-25,37
"pixel_2276",-26,37
"pixel_2277",-27,37
"pixel_2278",-28,37
"pixel_2279",-29,37
"pixel_2280",-30,37
"pixel_2281",-31,37
"pixel_2282",-32,37
"pixel_2283",-33,37
"pixel_2284",-34,37
"pixel_2285",-35,37
"pixel_2286",-36,37
"pixel_2287",-37,37
"pixel_2288",-38,37
"pixel_2289",-39,37
"pixel_2290",-40,37
"pixel_2291",-41,37
"pixel_2292",-42,37
"pixel_2293",-43,37
"pixel_2294",-44,37
"pixel_2295",-45,37
"pixel_2296",-46,37
"pixel_2297",-47,37
"pixel_2298",-48,37
"pixel_2299",-49,37
"pixel_2300",-50,37
"pixel_2301",-51,37
"pixel_2302",-52,37
"pixel_2303",-53,37
"pixel_2304",-54,37
"pixel_2305",-55,37
"pixel_2306",-56,37
"pixel_2307",-57,37
"pixel_2308",-58,37
"pixel_2309",-59,37
"pixel_2310",-60,37
"pixel_2311",-61,37
"pixel_2312",-62,37
"pixel_2328",-3,36
"pixel_2329",-4,36
"pixel_2330",-5,36
"pixel_2331",-6,36
"pixel_2332",-7,36
"pixel_2333",-8,36
"pixel_2334",-9,36
"pixel_2335",-10,36
"pixel_2336",-11,36
"pixel_2337",-12,36
"pixel_2338",-13,36
"pixel_2339",-14,36
"pixel_2340",-15,36
"pixel_2341",-16,36
"pixel_2342",-17,36
"pixel_2343",-18,36
"pixel_2344",-19,36
"pixel_2345",-20,36
"pixel_2346",-21,36
"pixel_2347",-22,36
"pixel_2348",-23,36
"pixel_2349",-24,36
"pixel_2350",-25,36
"pixel_2351",-26,36
"pixel_2352",-27,36
"pixel_2353",-28,36
"pixel_2354",-29,36
"pixel_2355",-30,36
"pixel_2356",-31,36
"pixel_2357",-32,36
"pixel_2358",-33,36
"pixel_2359",-34,36
"pixel_2360",-35,36
"pixel_2361",-36,36
"pixel_2362",-37,36
"pixel_2363",-38,36
"pixel_2364",-39,36
"pixel_2365",-40,36
"pixel_2366",-41,36
"pixel_2367",-42,36
"pixel_2368",-43,36
"pixel_2369",-44,36
"pixel_2370",-45,36
"pixel_2371",-46,36
"pixel_2372",-47,36
"pixel_2373",-48,36
"pixel_2374",-49,36
"pixel_2375",-50,36
"pixel_2376",-51,36
"pixel_2377",-52,36
"pixel_2378",-53,36
"pixel_2379",-54,36
"pixel_2380",-55,36
"pixel_2381",-56,36
"pixel_2382",-57,36
"pixel_2383",-58,36
"pixel_2384",-59,36
"pixel_2385",-60,36
"pixel_2386",-61,36
"pixel_2387",-62,36
"pixel_2388",-63,36
"pixel_2404",-4,35
"pixel_2405",-5,35
"pixel_2406",-6,35
"pixel_2407",-7,35
"pixel_2408",-8,35
"pixel_2409",-9,35
"pixel_2410",-10,35
"pixel_2411",-11,35
"pixel_2412",-12,35
"pixel_2413",-13,35
"pixel_2414",-14,35
"pixel_2415",-15,35
"pixel_2416",-16,35
"pixel_2417",-17,35
"pixel_2418",-18,35
"pixel_2419",-19,35
"pixel_2420",-20,35
"pixel_2421",-21,35
"pixel_2422",-22,35
"pixel_2423",-23,35
"pixel_2424",-24,35
"pixel_2425",-25,35
"pixel_2426",-26,35
"pixel_2427",-27,35
"pixel_2428",-28,35
"pixel_2429",-29,35
"pixel_2430",-30,35
"pixel_2431",-31,35
"pixel_2432",-32,35
"pixel_2433",-33,35
"pixel_2434",-34,35
"pixel_2435",-35,35
"pixel_2436",-36,35
"pixel_2437",-37,35
"pixel_2438",-38,35
"pixel_2439",-39,35
"pixel_2440",-40,35
"pixel_2441",-41,35
"pixel_2442",-42,35
"pixel_2443",-43,35
"pixel_2444",-44,35
"pixel_2445",-45,35
"pixel_2446",-46,35
"pixel_2447",-47,35
"pixel_2448",-48,35
"pixel_2449",-49,35
"pixel_2450",-50,35
"pixel_2451",-51,35
"pixel_2452",-52,35
"pixel_2453",-53,35
"pixel_2454",-54,35
"pixel_2455",-55,35
"pixel_2456",-56,35
"pixel_2457",-57,35
"pixel_2458",-58,35
"pixel_2459",-59,35
"pixel_2460",-60,35
"pixel_2461",-61,35
"pixel_2462",-62,35
"pixel_2463",-63,35
"pixel_2464",-64,35
"pixel_2480",-5,34
"pixel_2481",-6,34
"pixel_2482",-7,34
"pixel_2483",-8,34
"pixel_2484",-9,34
"pixel_2485",-10,34
"pixel_2486",-11,34
"pixel_2487",-12,34
"pixel_2488",-13,34
"pixel_2489",-14,34
"pixel_2490",-15,34
"pixel_2491",-16,34
"pixel_2492",-17,34
"pixel_2493",-18,34
"pixel_2494",-19,34
"pixel_2495",-20,34
"pixel_2496",-21,34
"pixel_2497",-22,34
"pixel_2498",-23,34
"pixel_2499",-24,34
"pixel_2500",-25,34
"pixel_2501",-26,34
"pixel_2502",-27,34
"pixel_2503",-28,34
"pixel_2504",-29,34
"pixel_2505",-30,34
"pixel_2506",-31,34
"pixel_2507",-32,34
"pixel_2508",-33,34
"pixel_2509",-34,34
"pixel_2510",-35,34
"pixel_2511",-36,34
"pixel_2512",-37,34
"pixel_2513",-38,34
"pixel_2514",-39,34
"pixel_2515",-40,34
"pixel_2516",-41,34
"pixel_2517",-42,34
"pixel_2518",-43,34
"pixel_2519",-44,34
"pixel_2520",-45,34
"pixel_2521",-46,34
"pixel_2522",-47,34
"pixel_2523",-48,34
"pixel_2524",-49,34
"pixel_2525",-50,34
"pixel_2526",-51,34
"pixel_2527",-52,34
"pixel_2528",-53,34
"pixel_2529",-54,34
"pixel_2530",-55,34
"pixel_2531",-56,34
"pixel_2532",-57,34
"pixel_2533",-58,34
"pixel_2534",-59,34
"pixel_2535",-60,34
"pixel_2536",-61,34
"pixel_2537",-62,34
"pixel_2538",-63,34
"pixel_2539",-64,34
"pixel_2540",-65,34
"pixel_2555",-5,33
"pixel_2556",-6,33
"pixel_2557",-7,33
"pixel_2558",-8,33
"pixel_2559",-9,33
"pixel_2560",-10,33
"pixel_2561",-11,33
"pixel_2562",-12,33
"pixel_2563",-13,33
"pixel_2564",-14,33
"pixel_2565",-15,33
"pixel_2566",-16,33
"pixel_2567",-17,33
"pixel_2568",-18,33
"pixel_2569",-19,33
"pixel_2570",-20,33
"pixel_2571",-21,33
"pixel_2572",-22,33
"pixel_2573",-23,33
"pixel_2574",-24,33
"pixel_2575",-25,33
"pixel_2576",-26,33
"pixel_2577",-27,33
"pixel_2578",-28,33
"pixel_2579",-29,33
"pixel_2580",-30,33
"pixel_2581",-31,33
"pixel_2582",-32,33
"pixel_2583",-33,33
"pixel_2584",-34,33
"pixel_2585",-35,33
"pixel_2586",-36,33
"pixel_2587",-37,33
"pixel_2588",-38,33
"pixel_2589",-39,33
"pixel_2590",-40,33
"pixel_2591",-41,33
"pixel_2592",-42,33
"pixel_2593",-43,33
"pixel_2594",-44,33
"pixel_2595",-45,33
"pixel_2596",-46,33
"pixel_2597",-47,33
"pixel_2598",-48,33
"pixel_2599",-49,33
"pixel_2600",-50,33
"pixel_2601",-51,33
"pixel_2602",-52,33
"pixel_2603",-53,33
"pixel_2604",-54,33
"pixel_2605",-55,33
"pixel_2606",-56,33
"pixel_2607",-57,33
"pixel_2608",-58,33
"pixel_2609",-59,33
"pixel_2610",-60,33
"pixel_2611",-61,33
"pixel_2612",-62,33
"pixel_2613",-63,33
"pixel_2614",-64,33
"pixel_2615",-65,33
"pixel_2616",-66,33
"pixel_2631",-6,32
"pixel_2632",-7,32
"pixel_2633",-8,32
"pixel_2634",-9,32
"pixel_2635",-10,32
"pixel_2636",-11,32
"pixel_2637",-12,32
"pixel_2638",-13,32
"pixel_2639",-14,32
"pixel_2640",-15,32
"pixel_2641",-16,32
"pixel_2642",-17,32
"pixel_2643",-18,32
"pixel_2644",-19,32
"pixel_2645",-20,32
"pixel_2646",-21,32
"pixel_2647",-22,32
"pixel_2648",-23,32
"pixel_2649",-24,32
"pixel_2650",-25,32
"pixel_2651",-26,32
"pixel_2652",-27,32
"pixel_2653",-28,32
"pixel_2654",-29,32
"pixel_2655",-30,32
"pixel_2656",-31,32
"pixel_2657",-32,32
"pixel_2658",-33,32
"pixel_2659",-34,32
"pixel_2660",-35,32
"pixel_2661",-36,32
"pixel_2662",-37,32
"pixel_2663",-38,32
"pixel_2664",-39,32
"pixel_2665",-40,32
"pixel_2666",-41,32
"pixel_2667",-42,32
"pixel_2668",-43,32
"pixel_2669",-44,32
"pixel_2670",-45,32
"pixel_2671",-46,32
"pixel_2672",-47,32
"pixel_2673",-48,32
"pixel_2674",-49,32
"pixel_2675",-50,32
"pixel_2676",-51,32
"pixel_2677",-52,32
"pixel_2678",-53,32
"pixel_2679",-54,32
"pixel_2680",-55,32
"pixel_2681",-56,32
"pixel_2682",-57,32
"pixel_2683",-58,32
"pixel_2684",-59,32
"pixel_2685",-60,32
"pixel_2686",-61,32
"pixel_2687",-62,32
"pixel_2688",-63,32
"pixel_2689",-64,32
"pixel_2690",-65,32
"pixel_2691",-66,32
"pixel_2692",-67,32
"pixel_2707",-7,31
"pixel_2708",-8,31
"pixel_2709",-9,31
"pixel_2710",-10,31
"pixel_2711",-11,31
"pixel_2712",-12,31
"pixel_2713",-13,31
"pixel_2714",-14,31
"pixel_2715",-15,31
"pixel_2716",-16,31
"pixel_2717",-17,31
"pixel_2718",-18,31
"pixel_2719",-19,31
"pixel_2720",-20,31
"pixel_2721",-21,31
"pixel_2722",-22,31
"pixel_2723",-23,31
"pixel_2724",-24,31
"pixel_2725",-25,31
"pixel_2726",-26,31
"pixel_2727",-27,31
"pixel_2728",-28,31
"pixel_2729",-29,31
"pixel_2730",-30,31
"pixel_2731",-31,31
"pixel_2732",-32,31
"pixel_2733",-33,31
"pixel_2734",-34,31
"pixel_2735",-35,31
"pixel_2736",-36,31
"pixel_2737",-37,31
"pixel_2738",-38,31
"pixel_2739",-39,31
"pixel_2740",-40,31
"pixel_2741",-41,31
"pixel_2742",-42,31
"pixel_2743",-43,31
"pixel_2744",-44,31
"pixel_2745",-45,31
"pixel_2746",-46,31
"pixel_2747",-47,31
"pixel_2748",-48,31
"pixel_2749",-49,31
"pixel_2750",-50,31
"pixel_2751",-51,31
"pixel_2752",-52,31
"pixel_2753",-53,31
"pixel_2754",-54,31
"pixel_2755",-55,31
"pixel_2756",-56,31
"pixel_2757",-57,31
"pixel_2758",-58,31
"pixel_2759",-59,31
"pixel_2760",-60,31
"pixel_2761",-61,31
"pixel_2762",-62,31
"pixel_2763",-63,31
"pixel_2764",-64,31
"pixel_2765",-65,31
"pixel_2766",-66,31
"pixel_2767",-67,31
"pixel_2768",-68,31
"pixel_2783",-8,30
"pixel_2784",-9,30
"pixel_2785",-10,30
"pixel_2786",-11,30
"pixel_2787",-12,30
"pixel_2788",-13,30
"pixel_2789",-14,30
"pixel_2790",-15,30
"pixel_2791",-16,30
"pixel_2792",-17,30
"pixel_2793",-18,30
"pixel_2794",-19,30
"pixel_2795",-20,30
"pixel_2796",-21,30
"pixel_2797",-22,30
"pixel_2798",-23,30
"pixel_2799",-24,30
"pixel_2800",-25,30
"pixel_2801",-26,30
"pixel_2802",-27,30
"pixel_2803",-28,30
"pixel_2804",-29,30
"pixel_2805",-30,30
"pixel_2806",-31,30
"pixel_2807",-32,30
"pixel_2808",-33,30
"pixel_2809",-34,30
"pixel_2810",-35,30
"pixel_2811",-36,30
"pixel_2812",-37,30
"pixel_2813",-38,30
"pixel_2814",-39,30
"pixel_2815",-40,30
"pixel_2816",-41,30
"pixel_2817",-42,30
"pixel_2818",-43,30
"pixel_2819",-44,30
"pixel_2820",-45,30
"pixel_2821",-46,30
"pixel_2822",-47,30
"pixel_2823",-48,30
"pixel_2824",-49,30
"pixel_2825",-50,30
"pixel_2826",-51,30
"pixel_2827",-52,30
"pixel_2828",-53,30
"pixel_2829",-54,30
"pixel_2830",-55,30
"pixel_2831",-56,30
"pixel_2832",-57,30
"pixel_2833",-58,30
"pixel_2834",-59,30
"pixel_2835",-60,30
"pixel_2836",-61,30
"pixel_2837",-62,30
"pixel_2838",-63,30
"pixel_2839",-64,30
"pixel_2840",-65,30
"pixel_2841",-66,30
"pixel_2842",-67,30
"pixel_2843",-68,30
"pixel_2844",-69,30
"pixel_2859",-9,29
"pixel_2860",-10,29
"pixel_2861",-11,29
"pixel_2862",-12,29
"pixel_2863",-13,29
"pixel_2864",-14,29
"pixel_2865",-15,29
"pixel_2866",-16,29
"pixel_2867",-17,29
"pixel_2868",-18,29
"pixel_2869",-19,29
"pixel_2870",-20,29
"pixel_2871",-21,29
"pixel_2872",-22,29
"pixel_2873",-23,29
"pixel_2874",-24,29
"pixel_2875",-25,29
"pixel_2876",-26,29
"pixel_2877",-27,29
"pixel_2878",-28,29
"pixel_2879",-29,29
"pixel_2880",-30,29
"pixel_2881",-31,29
"pixel_2882",-32,29
"pixel_2883",-33,29
"pixel_2884",-34,29
"pixel_2885",-35,29
"pixel_2886",-36,29
"pixel_2887",-37,29
"pixel_2888",-38,29
"pixel_2889",-39,29
"pixel_2890",-40,29
"pixel_2891",-41,29
"pixel_2892",-42,29
"pixel_2893",-43,29
"pixel_2894",-44,29
"pixel_2895",-45,29
"pixel_2896",-46,29
"pixel_2897",-47,29
"pixel_2898",-48,29
"pixel_2899",-49,29
"pixel_2900",-50,29
"pixel_2901",-51,29
"pixel_2902",-52,29
"pixel_2903",-53,29
"pixel_2904",-54,29
"pixel_2905",-55,29
"pixel_2906",-56,29
"pixel_2907",-57,29
"pixel_2908",-58,29
"pixel_2909",-59,29
"pixel_2910",-60,29
"pixel_2911",-61,29
"pixel_2912",-62,29
"pixel_2913",-63,29
"pixel_2914",-64,29
"pixel_2915",-65,29
"pixel_2916",-66,29
"pixel_2917",-67,29
"pixel_2918",-68,29
"pixel_2919",-69,29
"pixel_2920",-70,29
"pixel_2934",-9,28
"pixel_2935",-10,28
"pixel_2936",-11,28
"pixel_2937",-12,28
"pixel_2938",-13,28
"pixel_2939",-14,28
"pixel_2940",-15,28
"pixel_2941",-16,28
"pixel_2942",-17,28
"pixel_2943",-18,28
"pixel_2944",-19,28
"pixel_2945",-20,28
"pixel_2946",-21,28
"pixel_2947",-22,28
"pixel_2948",-23,28
"pixel_2949",-24,28
"pixel_2950",-25,28
"pixel_2951",-26,28
"pixel_2952",-27,28
"pixel_2953",-28,28
"pixel_2954",-29,28
"pixel_2955",-30,28
"pixel_2956",-31,28
"pixel_2957",-32,28
"pixel_2958",-33,28
"pixel_2959",-34,28
"pixel_2960",-35,28
"pixel_2961",-36,28
"pixel_2962",-37,28
"pixel_2963",-38,28
"pixel_2964",-39,28
"pixel_2965",-40,28
"pixel_2966",-41,28
"pixel_2967",-42,28
"pixel_2968",-43,28
"pixel_2969",-44,28
"pixel_2970",-45,28
"pixel_2971",-46,28
"pixel_2972",-47,28
"pixel_2973",-48,28
"pixel_2974",-49,28
"pixel_2975",-50,28
"pixel_2976",-51,28
"pixel_2977",-52,28
"pixel_2978",-53,28
"pixel_2979",-54,28
"pixel_2980",-55,28
"pixel_2981",-56,28
"pixel_2982",-57,28
"pixel_2983",-58,28
"pixel_2984",-59,28
"pixel_2985",-60,28
"pixel_2986",-61,28
"pixel_2987",-62,28
"pixel_2988",-63,28
"pixel_2989",-64,28
"pixel_2990",-65,28
"pixel_2991",-66,28
"pixel_2992",-67,28
"pixel_2993",-68,28
"pixel_2994",-69,28
"pixel_2995",-70,28
"pixel_2996",-71,28
"pixel_3010",-10,27
"pixel_3011",-11,27
"pixel_3012",-12,27
"pixel_3013",-13,27
"pixel_3014",-14,27
"pixel_3015",-15,27
"pixel_3016",-16,27
"pixel_3017",-17,27
"pixel_3018",-18,27
"pixel_3019",-19,27
"pixel_3020",-20,27
"pixel_3021",-21,27
"pixel_3022",-22,27
"pixel_3023",-23,27
"pixel_3024",-24,27
"pixel_3025",-25,27
"pixel_3026",-26,27
"pixel_3027",-27,27
"pixel_3028",-28,27
"pixel_3029",-29,27
"pixel_3030",-30,27
"pixel_3031",-31,27
"pixel_3032",-32,27
"pixel_3033",-33,27
"pixel_3034",-34,27
"pixel_3035",-35,27
"pixel_3036",-36,27
"pixel_3037",-37,27
"pixel_3038",-38,27
"pixel_3039",-39,27
"pixel_3040",-40,27
"pixel_3041",-41,27
"pixel_3042",-42,27
"pixel_3043",-43,27
"pixel_3044",-44,27
"pixel_3045",-45,27
"pixel_3046",-46,27
"pixel_3047",-47,27
"pixel_3048",-48,27
"pixel_3049",-49,27
"pixel_3050",-50,27
"pixel_3051",-51,27
"pixel_3052",-52,27
"pixel_3053",-53,27
"pixel_3054",-54,27
"pixel_3055",-55,27
"pixel_3056",-56,27
"pixel_3057",-57,27
"pixel_3058",-58,27
"pixel_3059",-59,27
"pixel_3060",-60,27
"pixel_3061",-61,27
"pixel_3062",-62,27
"pixel_3063",-63,27
"pixel_3064",-64,27
"pixel_3065",-65,27
"pixel_3066",-66,27
"pixel_3067",-67,27
"pixel_3068",-68,27
"pixel_3069",-69,27
"pixel_3070",-70,27
"pixel_3071",-71,27
"pixel_3072",-72,27
"pixel_3086",-11,26
"pixel_3087",-12,26
"pixel_3088",-13,26
"pixel_3089",-14,26
"pixel_3090",-15,26
"pixel_3091",-16,26
"pixel_3092",-17,26
"pixel_3093",-18,26
"pixel_3094",-19,26
"pixel_3095",-20,26
"pixel_3096",-21,26
"pixel_3097",-22,26
"pixel_3098",-23,26
"pixel_3099",-24,26
"pixel_3100",-25,26
"pixel_3101",-26,26
"pixel_3102",-27,26
"pixel_3103",-28,26
"pixel_3104",-29,26
"pixel_3105",-30,26
"pixel_3106",-31,26
"pixel_3107",-32,26
"pixel_3108",-33,26
"pixel_3109",-34,26
"pixel_3110",-35,26
"pixel_3111",-36,26
"pixel_3112",-37,26
"pixel_3113",-38,26
"pixel_3114",-39,26
"pixel_3115",-40,26
"pixel_3116",-41,26
"pixel_3117",-42,26
"pixel_3118",-43,26
"pixel_3119",-44,26
"pixel_3120",-45,26
"pixel_3121",-46,26
"pixel_3122",-47,26
"pixel_3123",-48,26
"pixel_3124",-49,26
"pixel_3125",-50,26
"pixel_3126",-51,26
"pixel_3127",-52,26
"pixel_3128",-53,26
"pixel_3129",-54,26
"pixel_3130",-55,26
"pixel_3131",-56,26
"pixel_3132",-57,26
"pixel_3133",-58,26
"pixel_3134",-59,26
"pixel_3135",-60,26
"pixel_3136",-61,26
"pixel_3137",-62,26
"pixel_3138",-63,26
"pixel_3139",-64,26
"pixel_3140",-65,26
"pixel_3141",-66,26
"pixel_3142",-67,26
"pixel_3143",-68,26
"pixel_3144",-69,26
"pixel_3145",-70,26
"pixel_3146",-71,26
"pixel_3147",-72,26
"pixel_3162",-12,25
"pixel_3163",-13,25
"pixel_3164",-14,25
"pixel_3165",-15,25
"pixel_3166",-16,25
"pixel_3167",-17,25
"pixel_3168",-18,25
"pixel_3169",-19,25
"pixel_3170",-20,25
"pixel_3171",-21,25
"pixel_3172",-22,25
"pixel_3173",-23,25
"pixel_3174",-24,25
"pixel_3175",-25,25
"pixel_3176",-26,25
"pixel_3177",-27,25
"pixel_3178",-28,25
"pixel_3179",-29,25
"pixel_3180",-30,25
"pixel_3181",-31,25
"pixel_3182",-32,25
"pixel_3183",-33,25
"pixel_3184",-34,25
"pixel_3185",-35,25
"pixel_3186",-36,25
"pixel_3187",-37,25
"pixel_3188",-38,25
"pixel_3189",-39,25
"pixel_3190",-40,25
"pixel_3191",-41,25
"pixel_3192",-42,25
"pixel_3193",-43,25
"pixel_3194",-44,25
"pixel_3195",-45,25
"pixel_3196",-46,25
"pixel_3197",-47,25
"pixel_3198",-48,25
"pixel_3199",-49,25
"pixel_3200",-50,25
"pixel_3201",-51,25
"pixel_3202",-52,25
"pixel_3203",-53,25
"pixel_3204",-54,25
"pixel_3205",-55,25
"pixel_3206",-56,25
"pixel_3207",-57,25
"pixel_3208",-58,25
"pixel_3209",-59,25
"pixel_3210",-60,25
"pixel_3211",-61,25
"pixel_3212",-62,25
"pixel_3213",-63,25
"pixel_3214",-64,25
"pixel_3215",-65,25
"pixel_3216",-66,25
"pixel_3217",-67,25
"pixel_3218",-68,25
"pixel_3219",-69,25
"pixel_3220",-70,25
"pixel_3221",-71,25
"pixel_3222",-72,25
"pixel_3223",-73,25
"pixel_3238",-13,24
"pixel_3239",-14,24
"pixel_3240",-15,24
"pixel_3241",-16,24
"pixel_3242",-17,24
"pixel_3243",-18,24
"pixel_3244",-19,24
"pixel_3245",-20,24
"pixel_3246",-21,24
"pixel_3247",-22,24
"pixel_3248",-23,24
"pixel_3249",-24,24
"pixel_3250",-25,24
"pixel_3251",-26,24
"pixel_3252",-27,24
"pixel_3253",-28,24
"pixel_3254",-29,24
"pixel_3255",-30,24
"pixel_3256",-31,24
"pixel_3257",-32,24
"pixel_3258",-33,24
"pixel_3259",-34,24
"pixel_3260",-35,24
"pixel_3261",-36,24
"pixel_3262",-37,24
"pixel_3263",-38,24
"pixel_3264",-39,24
"pixel_3265",-40,24
"pixel_3266",-41,24
"pixel_3267",-42,24
"pixel_3268",-43,24
"pixel_3269",-44,24
"pixel_3270",-45,24
"pixel_3271",-46,24
"pixel_3272",-47,24
"pixel_3273",-48,24
"pixel_3274",-49,24
"pixel_3275",-50,24
"pixel_3276",-51,24
"pixel_3277",-52,24
"pixel_3278",-53,24
"pixel_3279",-54,24
"pixel_3280",-55,24
"pixel_3281",-56,24
"pixel_3282",-57,24
"pixel_3283",-58,24
"pixel_3284",-59,24
"pixel_3285",-60,24
"pixel_3286",-61,24
"pixel_3287",-62,24
"pixel_3288",-63,24
"pixel_3289",-64,24
"pixel_3290",-65,24
"pixel_3291",-66,24
"pixel_3292",-67,24
"pixel_3293",-68,24
"pixel_3294",-69,24
"pixel_3295",-70,24
"pixel_3296",-71,24
"pixel_3297",-72,24
"pixel_3298",-73,24
"pixel_3318",-18,23
"pixel_3319",-19,23
"pixel_3320",-20,23
"pixel_3321",-21,23
"pixel_3322",-22,23
"pixel_3323",-23,23
"pixel_3324",-24,23
"pixel_3325",-25,23
"pixel_3326",-26,23
"pixel_3327",-27,23
"pixel_3328",-28,23
"pixel_3329",-29,23
"pixel_3330",-30,23
"pixel_3331",-31,23
"pixel_3332",-32,23
"pixel_3333",-33,23
"pixel_3334",-34,23
"pixel_3335",-35,23
"pixel_3336",-36,23
"pixel_3337",-37,23
"pixel_3338",-38,23
"pixel_3339",-39,23
"pixel_3340",-40,23
"pixel_3341",-41,23
"pixel_3342",-42,23
"pixel_3343",-43,23
"pixel_3344",-44,23
"pixel_3345",-45,23
"pixel_3346",-46,23
"pixel_3347",-47,23
"pixel_3348",-48,23
"pixel_3349",-49,23
"pixel_3350",-50,23
"pixel_3351",-51,23
"pixel_3352",-52,23
"pixel_3353",-53,23
"pixel_3354",-54,23
"pixel_3355",-55,23
"pixel_3356",-56,23
"pixel_3357",-57,23
"pixel_3358",-58,23
"pixel_3359",-59,23
"pixel_3360",-60,23
"pixel_3361",-61,23
"pixel_3362",-62,23
"pixel_3363",-63,23
"pixel_3364",-64,23
"pixel_3365",-65,23
"pixel_3366",-66,23
"pixel_3367",-67,23
"pixel_3368",-68,23
"pixel_3369",-69,23
"pixel_3370",-70,23
"pixel_3371",-71,23
"pixel_3372",-72,23
"pixel_3373",-73,23
"pixel_3394",-19,22
"pixel_3395",-20,22
"pixel_3396",-21,22
"pixel_3397",-22,22
"pixel_3398",-23,22
"pixel_3399",-24,22
"pixel_3400",-25,22
"pixel_3401",-26,22
"pixel_3402",-27,22
"pixel_3403",-28,22
"pixel_3404",-29,22
"pixel_3405",-30,22
"pixel_3406",-31,22
"pixel_3407",-32,22
"pixel_3408",-33,22
"pixel_3409",-34,22
"pixel_3410",-35,22
"pixel_3411",-36,22
"pixel_3412",-37,22
"pixel_3413",-38,22
"pixel_3414",-39,22
"pixel_3415",-40,22
"pixel_3416",-41,22
"pixel_3417",-42,22
"pixel_3418",-43,22
"pixel_3419",-44,22
"pixel_3420",-45,22
"pixel_3421",-46,22
"pixel_3422",-47,22
"pixel_3423",-48,22
"pixel_3424",-49,22
"pixel_3425",-50,22
"pixel_3426",-51,22
"pixel_3427",-52,22
"pixel_3428",-53,22
"pixel_3429",-54,22
"pixel_3430",-55,22
"pixel_3431",-56,22
"pixel_3432",-57,22
"pixel_3433",-58,22
"pixel_3434",-59,22
"pixel_3435",-60,22
"pixel_3436",-61,22
"pixel_3437",-62,22
"pixel_3438",-63,22
"pixel_3439",-64,22
"pixel_3440",-65,22
"pixel_3441",-66,22
"pixel_3442",-67,22
"pixel_3443",-68,22
"pixel_3444",-69,22
"pixel_3445",-70,22
"pixel_3446",-71,22
"pixel_3447",-72,22
"pixel_3448",-73,22
"pixel_3470",-20,21
"pixel_3471",-21,21
"pixel_3472",-22,21
"pixel_3473",-23,21
"pixel_3474",-24,21
"pixel_3475",-25,21
"pixel_3476",-26,21
"pixel_3477",-27,21
"pixel_3478",-28,21
"pixel_3479",-29,21
"pixel_3480",-30,21
"pixel_3481",-31,21
"pixel_3482",-32,21
"pixel_3483",-33,21
"pixel_3484",-34,21
"pixel_3485",-35,21
"pixel_3486",-36,21
"pixel_3487",-37,21
"pixel_3488",-38,21
"pixel_3489",-39,21
"pixel_3490",-40,21
"pixel_3491",-41,21
"pixel_3492",-42,21
"pixel_3493",-43,21
"pixel_3494",-44,21
"pixel_3495",-45,21
"pixel_3496",-46,21
"pixel_3497",-47,21
"pixel_3498",-48,21
"pixel_3499",-49,21
"pixel_3500",-50,21
"pixel_3501",-51,21
"pixel_3502",-52,21
"pixel_3503",-53,21
"pixel_3504",-54,21
"pixel_3505",-55,21
"pixel_3506",-56,21
"pixel_3507",-57,21
"pixel_3508",-58,21
"pixel_3509",-59,21
"pixel_3510",-60,21
"pixel_3511",-61,21
"pixel_3512",-62,21
"pixel_3513",-63,21
"pixel_3514",-64,21
"pixel_3515",-65,21
"pixel_3516",-66,21
"pixel_3517",-67,21
"pixel_3518",-68,21
"pixel_3519",-69,21
"pixel_3520",-70,21
"pixel_3521",-71,21
"pixel_3522",-72,21
"pixel_3523",-73,21
"pixel_3545",-20,20
"pixel_3546",-21,20
"pixel_3547",-22,20
"pixel_3548",-23,20
"pixel_3549",-24,20
"pixel_3550",-25,20
"pixel_3551",-26,20
"pixel_3552",-27,20
"pixel_3553",-28,20
"pixel_3554",-29,20
"pixel_3555",-30,20
"pixel_3556",-31,20
"pixel_3557",-32,20
"pixel_3558",-33,20
"pixel_3559",-34,20
"pixel_3560",-35,20
"pixel_3561",-36,20
"pixel_3562",-37,20
"pixel_3563",-38,20
"pixel_3564",-39,20
"pixel_3565",-40,20
"pixel_3566",-41,20
"pixel_3567",-42,20
"pixel_3568",-43,20
"pixel_3569",-44,20
"pixel_3570",-45,20
"pixel_3571",-46,20
"pixel_3572",-47,20
"pixel_3573",-48,20
"pixel_3574",-49,20
"pixel_3575",-50,20
"pixel_3576",-51,20
"pixel_3577",-52,20
"pixel_3578",-53,20
"pixel_3579",-54,20
"pixel_3580",-55,20
"pixel_3581",-56,20
"pixel_3582",-57,20
"pixel_3583",-58,20
"pixel_3584",-59,20
"pixel_3585",-60,20
"pixel_3586",-61,20
"pixel_3587",-62,20
"pixel_3588",-63,20
"pixel_3589",-64,20
"pixel_3590",-65,20
"pixel_3591",-66,20
"pixel_3592",-67,20
"pixel_3593",-68,20
"pixel_3594",-69,20
"pixel_3595",-70,20
"pixel_3596",-71,20
"pixel_3597",-72,20
"pixel_3598",-73,20
"pixel_3621",-21,19
"pixel_3622",-22,19
"pixel_3623",-23,19
"pixel_3624",-24,19
"pixel_3625",-25,19
"pixel_3626",-26,19
"pixel_3627",-27,19
"pixel_3628",-28,19
"pixel_3629",-29,19
"pixel_3630",-30,19
"pixel_3631",-31,19
"pixel_3632",-32,19
"pixel_3633",-33,19
"pixel_3634",-34,19
"pixel_3635",-35,19
"pixel_3636",-36,19
"pixel_3637",-37,19
"pixel_3638",-38,19
"pixel_3639",-39,19
"pixel_3640",-40,19
"pixel_3641",-41,19
"pixel_3642",-42,19
"pixel_3643",-43,19
"pixel_3644",-44,19
"pixel_3645",-45,19
"pixel_3646",-46,19
"pixel_3647",-47,19
"pixel_3648",-48,19
"pixel_3649",-49,19
"pixel_3650",-50,19
"pixel_3651",-51,19
"pixel_3652",-52,19
"pixel_3653",-53,19
"pixel_3654",-54,19
"pixel_3655",-55,19
"pixel_3656",-56,19
"pixel_3657",-57,19
"pixel_3658",-58,19
"pixel_3659",-59,19
"pixel_3660",-60,19
"pixel_3661",-61,19
"pixel_3662",-62,19
"pixel_3663",-63,19
"pixel_3664",-64,19
"pixel_3665",-65,19
"pixel_3666",-66,19
"pixel_3667",-67,19
"pixel_3668",-68,19
"pixel_3669",-69,19
"pixel_3670",-70,19
"pixel_3671",-71,19
"pixel_3672",-72,19
"pixel_3673",-73,19
"pixel_3697",-22,18
"pixel_3698",-23,18
"pixel_3699",-24,18
"pixel_3700",-25,18
"pixel_3701",-26,18
"pixel_3702",-27,18
"pixel_3703",-28,18
"pixel_3704",-29,18
"pixel_3705",-30,18
"pixel_3706",-31,18
"pixel_3707",-32,18
"pixel_3708",-33,18
"pixel_3709",-34,18
"pixel_3710",-35,18
"pixel_3711",-36,18
"pixel_3712",-37,18
"pixel_3713",-38,18
"pixel_3714",-39,18
"pixel_3715",-40,18
"pixel_3716",-41,18
"pixel_3717",-42,18
"pixel_3718",-43,18
"pixel_3719",-44,18
"pixel_3720",-45,18
"pixel_3721",-46,18
"pixel_3722",-47,18
"pixel_3723",-48,18
"pixel_3724",-49,18
"pixel_3725",-50,18
"pixel_3726",-51,18
"pixel_3727",-52,18
"pixel_3728",-53,18
"pixel_3729",-54,18
"pixel_3730",-55,18
"pixel_3731",-56,18
"pixel_3732",-57,18
"pixel_3733",-58,18
"pixel_3734",-59,18
"pixel_3735",-60,18
"pixel_3736",-61,18
"pixel_3737",-62,18
"pixel_3738",-63,18
"pixel_3739",-64,18
"pixel_3740",-65,18
"pixel_3741",-66,18
"pixel_3742",-67,18
"pixel_3743",-68,18
"pixel_3744",-69,18
"pixel_3745",-70,18
"pixel_3746",-71,18
"pixel_3747",-72,18
"pixel_3748",-73,18
"pixel_3773",-23,17
"pixel_3774",-24,17
"pixel_3775",-25,17
"pixel_3776",-26,17
"pixel_3777",-27,17
"pixel_3778",-28,17
"pixel_3779",-29,17
"pixel_3780",-30,17
"pixel_3781",-31,17
"pixel_3782",-32,17
"pixel_3783",-33,17
"pixel_3784",-34,17
"pixel_3785",-35,17
"pixel_3786",-36,17
"pixel_3787",-37,17
"pixel_3788",-38,17
"pixel_3789",-39,17
"pixel_3790",-40,17
"pixel_3791",-41,17
"pixel_3792",-42,17
"pixel_3793",-43,17
"pixel_3794",-44,17
"pixel_3795",-45,17
"pixel_3796",-46,17
"pixel_3797",-47,17
"pixel_3798",-48,17
"pixel_3799",-49,17
"pixel_3800",-50,17
"pixel_3801",-51,17
"pixel_3802",-52,17
"pixel_3803",-53,17
"pixel_3804",-54,17
"pixel_3805",-55,17
"pixel_3806",-56,17
"pixel_3807",-57,17
"pixel_3808",-58,17
"pixel_3809",-59,17
"pixel_3810",-60,17
"pixel_3811",-61,17
"pixel_3812",-62,17
"pixel_3813",-63,17
"pixel_3814",-64,17
"pixel_3815",-65,17
"pixel_3816",-66,17
"pixel_3817",-67,17
"pixel_3818",-68,17
"pixel_3819",-69,17
"pixel_3820",-70,17
"pixel_3821",-71,17
"pixel_3822",-72,17
"pixel_3823",-73,17
"pixel_3824",-74,17
"pixel_3850",-25,16
"pixel_3851",-26,16
"pixel_3852",-27,16
"pixel_3853",-28,16
"pixel_3854",-29,16
"pixel_3855",-30,16
"pixel_3856",-31,16
"pixel_3857",-32,16
"pixel_3858",-33,16
"pixel_3859",-34,16
"pixel_3860",-35,16
"pixel_3861",-36,16
"pixel_3862",-37,16
"pixel_3863",-38,16
"pixel_3864",-39,16
"pixel_3865",-40,16
"pixel_3866",-41,16
"pixel_3867",-42,16
"pixel_3868",-43,16
"pixel_3869",-44,16
"pixel_3870",-45,16
"pixel_3871",-46,16
"pixel_3872",-47,16
"pixel_3873",-48,16
"pixel_3874",-49,16
"pixel_3875",-50,16
"pixel_3876",-51,16
"pixel_3877",-52,16
"pixel_3878",-53,16
"pixel_3879",-54,16
"pixel_3880",-55,16
"pixel_3881",-56,16
"pixel_3882",-57,16
"pixel_3883",-58,16
"pixel_3884",-59,16
"pixel_3885",-60,16
"pixel_3886",-61,16
"pixel_3887",-62,16
"pixel_3888",-63,16
"pixel_3889",-64,16
"pixel_3890",-65,16
"pixel_3891",-66,16
"pixel_3892",-67,16
"pixel_3893",-68,16
"pixel_3894",-69,16
"pixel_3895",-70,16
"pixel_3896",-71,16
"pixel_3897",-72,16
"pixel_3898",-73,16
"pixel_3899",-74,16
"pixel_3927",-27,15
"pixel_3928",-28,15
"pixel_3929",-29,15
"pixel_3930",-30,15
"pixel_3931",-31,15
"pixel_3932",-32,15
"pixel_3933",-33,15
"pixel_3934",-34,15
"pixel_3935",-35,15
"pixel_3936",-36,15
"pixel_3937",-37,15
"pixel_3938",-38,15
"pixel_3939",-39,15
"pixel_3940",-40,15
"pixel_3941",-41,15
"pixel_3942",-42,15
"pixel_3943",-43,15
"pixel_3944",-44,15
"pixel_3945",-45,15
"pixel_3946",-46,15
"pixel_3947",-47,15
"pixel_3948",-48,15
"pixel_3949",-49,15
"pixel_3950",-50,15
"pixel_3951",-51,15
"pixel_3952",-52,15
"pixel_3953",-53,15
"pixel_3954",-54,15
"pixel_3955",-55,15
"pixel_3956",-56,15
"pixel_3957",-57,15
"pixel_3958",-58,15
"pixel_3959",-59,15
"pixel_3960",-60,15
"pixel_3961",-61,15
"pixel_3962",-62,15
"pixel_3963",-63,15
"pixel_3964",-64,15
"pixel_3965",-65,15
"pixel_3966",-66,15
"pixel_3967",-67,15
"pixel_3968",-68,15
"pixel_3969",-69,15
"pixel_3970",-70,15
"pixel_3971",-71,15
"pixel_3972",-72,15
"pixel_3973",-73,15
"pixel_3974",-74,15
"pixel_4005",-30,14
"pixel_4006",-31,14
"pixel_4007",-32,14
"pixel_4008",-33,14
"pixel_4009",-34,14
"pixel_4010",-35,14
"pixel_4011",-36,14
"pixel_4012",-37,14
"pixel_4013",-38,14
"pixel_4014",-39,14
"pixel_4015",-40,14
"pixel_4016",-41,14
"pixel_4017",-42,14
"pixel_4018",-43,14
"pixel_4019",-44,14
"pixel_4020",-45,14
"pixel_4021",-46,14
"pixel_4022",-47,14
"pixel_4023",-48,14
"pixel_4024",-49,14
"pixel_4025",-50,14
"pixel_4026",-51,14
"pixel_4027",-52,14
"pixel_4028",-53,14
"pixel_4029",-54,14
"pixel_4030",-55,14
"pixel_4031",-56,14
"pixel_4032",-57,14
"pixel_4033",-58,14
"pixel_4034",-59,14
"pixel_4035",-60,14
"pixel_4036",-61,14
"pixel_4037",-62,14
"pixel_4038",-63,14
"pixel_4039",-64,14
"pixel_4040",-65,14
"pixel_4041",-66,14
"pixel_4042",-67,14
"pixel_4043",-68,14
"pixel_4044",-69,14
"pixel_4045",-70,14
"pixel_4046",-71,14
"pixel_4047",-72,14
"pixel_4048",-73,14
"pixel_4082",-32,13
"pixel_4083",-33,13
"pixel_4084",-34,13
"pixel_4085",-35,13
"pixel_4086",-36,13
"pixel_4087",-37,13
"pixel_4088",-38,13
"pixel_4089",-39,13
"pixel_4090",-40,13
"pixel_4091",-41,13
"pixel_4092",-42,13
"pixel_4093",-43,13
"pixel_4094",-44,13
"pixel_4095",-45,13
"pixel_4096",-46,13
"pixel_4097",-47,13
"pixel_4098",-48,13
"pixel_4099",-49,13
"pixel_4100",-50,13
"pixel_4101",-51,13
"pixel_4102",-52,13
"pixel_4103",-53,13
"pixel_4104",-54,13
"pixel_4105",-55,13
"pixel_4106",-56,13
"pixel_4107",-57,13
"pixel_4108",-58,13
"pixel_4109",-59,13
"pixel_4110",-60,13
"pixel_4111",-61,13
"pixel_4112",-62,13
"pixel_4113",-63,13
"pixel_4114",-64,13
"pixel_4115",-65,13
"pixel_4116",-66,13
"pixel_4117",-67,13
"pixel_4118",-68,13
"pixel_4119",-69,13
"pixel_4120",-70,13
"pixel_4121",-71,13
"pixel_4122",-72,13
"pixel_4123",-73,13
"pixel_4161",-36,12
"pixel_4162",-37,12
"pixel_4163",-38,12
"pixel_4164",-39,12
"pixel_4165",-40,12
"pixel_4166",-41,12
"pixel_4167",-42,12
"pixel_4168",-43,12
"pixel_4169",-44,12
"pixel_4170",-45,12
"pixel_4171",-46,12
"pixel_4172",-47,12
"pixel_4173",-48,12
"pixel_4174",-49,12
"pixel_4175",-50,12
"pixel_4176",-51,12
"pixel_4177",-52,12
"pixel_4178",-53,12
"pixel_4179",-54,12
"pixel_4180",-55,12
"pixel_4181",-56,12
"pixel_4182",-57,12
"pixel_4183",-58,12
"pixel_4184",-59,12
"pixel_4185",-60,12
"pixel_4186",-61,12
"pixel_4187",-62,12
"pixel_4188",-63,12
"pixel_4189",-64,12
"pixel_4190",-65,12
"pixel_4191",-66,12
"pixel_4192",-67,12
"pixel_4193",-68,12
"pixel_4194",-69,12
"pixel_4195",-70,12
"pixel_4196",-71,12
"pixel_4197",-72,12
"pixel_4240",-40,11
"pixel_4241",-41,11
"pixel_4242",-42,11
"pixel_4243",-43,11
"pixel_4244",-44,11
"pixel_4245",-45,11
"pixel_4246",-46,11
"pixel_4247",-47,11
"pixel_4248",-48,11
"pixel_4249",-49,11
"pixel_4250",-50,11
"pixel_4251",-51,11
"pixel_4252",-52,11
"pixel_4253",-53,11
"pixel_4254",-54,11
"pixel_4255",-55,11
"pixel_4256",-56,11
"pixel_4257",-57,11
"pixel_4258",-58,11
"pixel_4259",-59,11
"pixel_4260",-60,11
"pixel_4261",-61,11
"pixel_4262",-62,11
"pixel_4263",-63,11
"pixel_4264",-64,11
"pixel_4265",-65,11
"pixel_4266",-66,11
"pixel_4267",-67,11
"pixel_4268",-68,11
"pixel_4269",-69,11
"pixel_4270",-70,11
"pixel_4271",-71,11
"pixel_4315",-40,10
"pixel_4316",-41,10
"pixel_4317",-42,10
"pixel_4318",-43,10
"pixel_4319",-44,10
"pixel_4320",-45,10
"pixel_4321",-46,10
"pixel_4322",-47,10
"pixel_4323",-48,10
"pixel_4324",-49,10
"pixel_4325",-50,10
"pixel_4326",-51,10
"pixel_4327",-52,10
"pixel_4328",-53,10
"pixel_4329",-54,10
"pixel_4330",-55,10
"pixel_4331",-56,10
"pixel_4332",-57,10
"pixel_4333",-58,10
"pixel_4334",-59,10
"pixel_4335",-60,10
"pixel_4336",-61,10
"pixel_4337",-62,10
"pixel_4338",-63,10
"pixel_4339",-64,10
"pixel_4340",-65,10
"pixel_4341",-66,10
"pixel_4342",-67,10
"pixel_4343",-68,10
"pixel_4344",-69,10
"pixel_4345",-70,10
"pixel_4346",-71,10
"pixel_4390",-40,9
"pixel_4391",-41,9
"pixel_4392",-42,9
"pixel_4393",-43,9
"pixel_4394",-44,9
"pixel_4395",-45,9
"pixel_4396",-46,9
"pixel_4397",-47,9
"pixel_4398",-48,9
"pixel_4399",-49,9
"pixel_4400",-50,9
"pixel_4401",-51,9
"pixel_4402",-52,9
"pixel_4403",-53,9
"pixel_4404",-54,9
"pixel_4405",-55,9
"pixel_4406",-56,9
"pixel_4407",-57,9
"pixel_4408",-58,9
"pixel_4409",-59,9
"pixel_4410",-60,9
"pixel_4411",-61,9
"pixel_4412",-62,9
"pixel_4413",-63,9
"pixel_4414",-64,9
"pixel_4415",-65,9
"pixel_4416",-66,9
"pixel_4417",-67,9
"pixel_4418",-68,9
"pixel_4419",-69,9
"pixel_4420",-70,9
"pixel_4465",-40,8
"pixel_4466",-41,8
"pixel_4467",-42,8
"pixel_4468",-43,8
"pixel_4469",-44,8
"pixel_4470",-45,8
"pixel_4471",-46,8
"pixel_4472",-47,8
"pixel_4473",-48,8
"pixel_4474",-49,8
"pixel_4475",-50,8
"pixel_4476",-51,8
"pixel_4477",-52,8
"pixel_4478",-53,8
"pixel_4479",-54,8
"pixel_4480",-55,8
"pixel_4481",-56,8
"pixel_4482",-57,8
"pixel_4483",-58,8
"pixel_4484",-59,8
"pixel_4485",-60,8
"pixel_4486",-61,8
"pixel_4487",-62,8
"pixel_4488",-63,8
"pixel_4489",-64,8
"pixel_4490",-65,8
"pixel_4491",-66,8
"pixel_4492",-67,8
"pixel_4493",-68,8
"pixel_4494",-69,8
"pixel_4495",-70,8
"pixel_4540",-40,7
"pixel_4541",-41,7
"pixel_4542",-42,7
"pixel_4543",-43,7
"pixel_4544",-44,7
"pixel_4545",-45,7
"pixel_4546",-46,7
"pixel_4547",-47,7
"pixel_4548",-48,7
"pixel_4549",-49,7
"pixel_4550",-50,7
"pixel_4551",-51,7
"pixel_4552",-52,7
"pixel_4553",-53,7
"pixel_4554",-54,7
"pixel_4555",-55,7
"pixel_4556",-56,7
"pixel_4557",-57,7
"pixel_4558",-58,7
"pixel_4559",-59,7
"pixel_4560",-60,7
"pixel_4561",-61,7
"pixel_4562",-62,7
"pixel_4563",-63,7
"pixel_4564",-64,7
"pixel_4565",-65,7
"pixel_4566",-66,7
"pixel_4567",-67,7
"pixel_4568",-68,7
"pixel_4569",-69,7
"pixel_4615",-40,6
"pixel_4616",-41,6
"pixel_4617",-42,6
"pixel_4618",-43,6
"pixel_4619",-44,6
"pixel_4620",-45,6
"pixel_4621",-46,6
"pixel_4622",-47,6
"pixel_4623",-48,6
"pixel_4624",-49,6
"pixel_4625",-50,6
"pixel_4626",-51,6
"pixel_4627",-52,6
"pixel_4628",-53,6
"pixel_4629",-54,6
"pixel_4630",-55,6
"pixel_4631",-56,6
"pixel_4632",-57,6
"pixel_4633",-58,6
"pixel_4634",-59,6
"pixel_4635",-60,6
"pixel_4636",-61,6
"pixel_4637",-62,6
"pixel_4638",-63,6
"pixel_4639",-64,6
"pixel_4640",-65,6
"pixel_4641",-66,6
"pixel_4642",-67,6
"pixel_4643",-68,6
"pixel_4644",-69,6
"pixel_4690",-40,5
"pixel_4691",-41,5
"pixel_4692",-42,5
"pixel_4693",-43,5
"pixel_4694",-44,5
"pixel_4695",-45,5
"pixel_4696",-46,5
"pixel_4697",-47,5
"pixel_4698",-48,5
"pixel_4699",-49,5
"pixel_4700",-50,5
"pixel_4701",-51,5
"pixel_4702",-52,5
"pixel_4703",-53,5
"pixel_4704",-54,5
"pixel_4705",-55,5
"pixel_4706",-56,5
"pixel_4707",-57,5
"pixel_4708",-58,5
"pixel_4709",-59,5
"pixel_4710",-60,5
"pixel_4711",-61,5
"pixel_4712",-62,5
"pixel_4713",-63,5
"pixel_4714",-64,5
"pixel_4715",-65,5
"pixel_4716",-66,5
"pixel_4717",-67,5
"pixel_4718",-68,5
"pixel_4765",-40,4
"pixel_4766",-41,4
"pixel_4767",-42,4
"pixel_4768",-43,4
"pixel_4769",-44,4
"pixel_4770",-45,4
"pixel_4771",-46,4
"pixel_4772",-47,4
"pixel_4773",-48,4
"pixel_4774",-49,4
"pixel_4775",-50,4
"pixel_4776",-51,4
"pixel_4777",-52,4
"pixel_4778",-53,4
"pixel_4779",-54,4
"pixel_4780",-55,4
"pixel_4781",-56,4
"pixel_4782",-57,4
"pixel_4783",-58,4
"pixel_4784",-59,4
"pixel_4785",-60,4
"pixel_4786",-61,4
"pixel_4787",-62,4
"pixel_4788",-63,4
"pixel_4789",-64,4
"pixel_4790",-65,4
"pixel_4791",-66,4
"pixel_4792",-67,4
"pixel_4843",-43,3
"pixel_4844",-44,3
"pixel_4845",-45,3
"pixel_4846",-46,3
"pixel_4847",-47,3
"pixel_4848",-48,3
"pixel_4849",-49,3
"pixel_4850",-50,3
"pixel_4851",-51,3
"pixel_4852",-52,3
"pixel_4853",-53,3
"pixel_4854",-54,3
"pixel_4855",-55,3
"pixel_4856",-56,3
"pixel_4857",-57,3
"pixel_4858",-58,3
"pixel_4859",-59,3
"pixel_4860",-60,3
"pixel_4861",-61,3
"pixel_4862",-62,3
"pixel_4863",-63,3
"pixel_4864",-64,3
"pixel_4865",-65,3
"pixel_4921",-46,2
"pixel_4922",-47,2
"pixel_4923",-48,2
"pixel_4924",-49,2
"pixel_4925",-50,2
"pixel_4926",-51,2
"pixel_4927",-52,2
"pixel_4928",-53,2
"pixel_4929",-54,2
"pixel_4930",-55,2
"pixel_4931",-56,2
"pixel_4932",-57,2
"pixel_4933",-58,2
"pixel_4934",-59,2
"pixel_4935",-60,2
"pixel_4936",-61,2
"pixel_4937",-62,2
"pixel_4938",-63,2
"pixel_4939",-64,2
"pixel_4998",-48,1
"pixel_4999",-49,1
"pixel_5000",-50,1
"pixel_5001",-51,1
"pixel_5002",-52,1
"pixel_5003",-53,1
"pixel_5004",-54,1
"pixel_5005",-55,1
"pixel_5006",-56,1
"pixel_5007",-57,1
"pixel_5008",-58,1
"pixel_5009",-59,1
"pixel_5010",-60,1
"pixel_5011",-61,1
"pixel_5012",-62,1
"pixel_5078",-53,0
"pixel_5079",-54,0
"pixel_5080",-55,0
"pixel_5081",-56,0
"pixel_5082",-57,0
"pixel_5083",-58,0
"pixel_5084",-59,0
